aa,num_mut,mut,count_ED5M22pos,count_ED5M22neg,count_ED5Ed5,count_ED5M22pos_adj,count_ED5M22neg_adj,norm_count_ED5M22pos_adj,norm_count_ED5M22neg_adj,count_ED5_adj,norm_count_ED5_adj,M22_binding_enrichment_adj,M22_enrichment_PosdivPre_adj,delta_M22_binding_enrichment_adj,delta_M22_enrichment_PosdivPre_adj
HASMQQVVSAGWERADLVGDAGDV,2,M2A;F22G,9.0,20.0,48.0,9.5,20.5,6.497023679257671e-07,2.2026085008976705e-06,48.5,6.016599363456193e-06,-1.7613622199193129,-3.211097424616865,-1.755622407521208,-2.907846710063932
HDSMQQVDSAGWERADLVGDAFDV,2,M2D;V8D,27.0,20.0,5.0,27.5,20.5,1.8807173808377467e-06,2.2026085008976705e-06,5.5,6.822947731754446e-07,-0.2279300198382389,1.4628159990140397,-0.2221902074401341,1.766066713566972
HDSMQQVVSAGWERADLVGDATDV,2,M2D;F22T,10.0,46.0,,10.5,46.5,7.180920908653215e-07,4.996160745938618e-06,,,-2.7985791170740857,,-2.7928393046759807,
HESMQQVLSAGWERADLVGDAFDV,2,M2E;V8L,32.0,11.0,19.0,32.5,11.5,2.2226659955355187e-06,1.2356096468450347e-06,19.5,2.419045104894758e-06,0.8470681282266267,-0.1221465017071168,0.8528079406247315,0.1811042128458158
HESMQQVVSAGWERADLVGDAGDV,2,M2E;F22G,43.0,64.0,42.0,43.5,64.5,2.9749529478706177e-06,6.9301584540438894e-06,42.5,5.272277792719344e-06,-1.2200214883193403,-0.825559536162296,-1.2142816759212358,-0.5223088216093633
HESMQQVVSAGWERADLVGDARDV,2,M2E;F22R,8.0,7.0,5.0,8.5,7.5,5.813126449862126e-07,8.058323783771965e-07,5.5,6.822947731754446e-07,-0.4711654831029941,-0.2310808732602809,-0.4654256707048893,0.0721698412926518
HGSMQQVVSAGWERADLVGDASDV,2,M2G;F22S,8.0,90.0,56.0,8.5,90.5,5.813126449862126e-07,9.723710699084837e-06,56.5,7.009028124438657e-06,-4.064120774577681,-3.591828217038171,-4.058380962179577,-3.2885775024852384
HISMQQVVSAGWERADLVGDAGDV,2,M2I;F22G,32.0,46.0,39.0,32.5,46.5,2.2226659955355187e-06,4.996160745938618e-06,39.5,4.90011700735092e-06,-1.1685287268243918,-1.1405250310219714,-1.162788914426287,-0.8372743164690387
HISMQQVVSAGWERADLVGDARDV,2,M2I;F22R,21.0,15.0,31.0,21.5,15.5,1.47037904320042e-06,1.6653869153128728e-06,31.5,3.907688246368455e-06,-0.1796692844295923,-1.4101272646711414,-0.1739294720314875,-1.1068765501182083
HISMQQVVSAGWERKDLVGDAFDV,2,M2I;A15K,148.0,12.0,,148.5,12.5,1.0155873856523833e-05,1.3430539639619942e-06,,,2.9187252022812262,,2.924465014679331,
HISMQQVVSAGWERTDLVGDAFDV,2,M2I;A15T,186.0,12.0,28.0,186.5,12.5,1.27546833282269e-05,1.3430539639619942e-06,28.5,3.5355274610000308e-06,3.2474379017356982,1.851029710217173,3.253177714133803,2.1542804247701057
HKSMQQVVSAGWERADLVGDASDV,2,M2K;F22S,113.0,46.0,,113.5,46.5,7.762233553639427e-06,4.996160745938618e-06,,,0.6356519474380686,,0.6413917598361735,
HKSMQQVVSAGWERADLVGDATDV,2,M2K;F22T,132.0,16.0,53.0,132.5,16.5,9.061638289490962e-06,1.7728312324298324e-06,53.5,6.6368673390702336e-06,2.353716701347293,0.4492694671760918,2.3594565137453984,0.7525201817290246
HLSMQQVVSAGWERADLVGDAADV,2,M2L;F22A,377.0,8.0,35.0,377.5,8.5,2.5817120409681795e-05,9.13276695494156e-07,35.5,4.403902626859687e-06,4.821132264217287,2.551473618834436,4.826872076615391,2.854724333387369
HLSMQQVVSAGWERADLVGDAGDV,2,M2L;F22G,45.0,25.0,48.0,45.5,25.5,3.1117323937497265e-06,2.739830086482468e-06,48.5,6.016599363456193e-06,0.1836315694823859,-0.9512302978617544,0.1893713818804906,-0.6479795833088215
HLSMQQVVSAGWERADLVGDASDV,2,M2L;F22S,42.0,7.0,66.0,42.5,7.5,2.906563224931063e-06,8.058323783771965e-07,66.5,8.249564075666739e-06,1.8507626117843683,-1.5050035952368106,1.8565024241824728,-1.2017528806838778
HLSMQQVVSAGWERADLVGDATDV,2,M2L;F22T,6.0,42.0,67.0,6.5,42.5,4.445331991071038e-07,4.56638347747078e-06,67.5,8.373617670789547e-06,-3.3606889467414245,-4.235487974783061,-3.3549491343433195,-3.9322372602301288
HMSMQQVDSAGWERRDLVGDAFDV,2,V8D;A15R,118.0,10.0,,118.5,10.5,8.1041821683372e-06,1.1281653297280752e-06,,,2.844688097374684,,2.850427909772789,
HMSMQQVGSAGWERADLVGDAGDV,2,V8G;F22G,161.0,19.0,34.0,161.5,19.5,1.104494025473804e-05,2.0951641837807108e-06,34.5,4.27984903173688e-06,2.398250407086861,1.367753802042433,2.4039902194849665,1.6710045165953655
HMSMQQVGSAGWERTDLVGDAFDV,2,V8G;A15T,72.0,9.0,,72.5,9.5,4.958254913117696e-06,1.0207210126111157e-06,,,2.280243847826534,,2.285983660224639,
HMSMQQVMSAGWERPDLVGDAFDV,2,V8M;A15P,18.0,13.0,,18.5,13.5,1.265209874381757e-06,1.4504982810789538e-06,,,-0.1971718652793336,,-0.1914320528812288,
HMSMQQVNSAGWERADLVGDAGDV,2,V8N;F22G,77.0,5.0,28.0,77.5,5.5,5.300203527815468e-06,5.909437441432774e-07,28.5,3.5355274610000308e-06,3.1649550578921253,0.584122295236173,3.1706948702902302,0.8873730097891057
HMSMQQVNSAGWERRDLVGDAFDV,2,V8N;A15R,87.0,15.0,6.0,87.5,15.5,5.984100757211012e-06,1.6653869153128728e-06,6.5,8.063483682982526e-07,1.845277072700639,2.8916592978179136,1.8510168850987436,3.1949100123708463
HMSMQQVPSAGWERADLVGDAVDV,2,V8P;F22V,116.0,7.0,30.0,116.5,7.5,7.96740272245809e-06,8.058323783771965e-07,30.5,3.783634651245647e-06,3.305557820300947,1.074336711218071,3.311297632699052,1.377587425771004
HMSMQQVRSAGWERADLVGDAMDV,2,V8R;F22M,130.0,6.0,25.0,130.5,6.5,8.924858843611852e-06,6.98388061260237e-07,25.5,3.163366675631606e-06,3.675728549683977,1.496368558725066,3.6814683620820814,1.7996192732779988
HMSMQQVSSAGWERADLVGDAFDG,2,V8S;V24G,22.0,30.0,36.0,22.5,30.5,1.5387687661399747e-06,3.277051672067266e-06,36.5,4.527956221982496e-06,-1.0906219699780264,-1.5570835584236653,-1.0848821575799217,-1.2538328438707325
HMSMQQVTSAGWERLDLVGDAFDV,2,V8T;A15L,103.0,19.0,,103.5,19.5,7.078336324243883e-06,2.0951641837807108e-06,,,1.7563470098922622,,1.762086822290367,
HMSMQQVVDAGWERATLVGDAFDV,2,S9D;D16T,5.0,42.0,247.0,5.5,42.5,3.761434761675494e-07,4.56638347747078e-06,247.5,3.0703264792895e-05,-3.60169704624522,-6.350965192202997,-3.5959572338471144,-6.047714477650064
HMSMQQVVKAGWERRDLVGDAFDV,2,S9K;A15R,8.0,10.0,43.0,8.5,10.5,5.813126449862126e-07,1.1281653297280752e-06,43.5,5.396331387842152e-06,-0.9565923102732358,-3.214592750471712,-0.9508524978751308,-2.911342035918779
HMSMQQVVLAGWEREDLVGDAFDV,2,S9L;A15E,26.0,12.0,52.0,26.5,12.5,1.8123276578981923e-06,1.3430539639619942e-06,52.5,6.512813743947425e-06,0.4323265360436595,-1.8454371589762464,0.4380663484417643,-1.542186444423313
HMSMQQVVSAGWERADLVGDAGDL,2,F22G;V24L,5.0,82.0,22.0,5.5,82.5,3.761434761675494e-07,8.86415616214916e-06,22.5,2.791205890263182e-06,-4.558628324353333,-2.8915335735657,-4.552888511955229,-2.588282859012768
HMSMQQVVSAGWERADLVGDAGDR,2,F22G;V24R,10.0,66.0,72.0,10.5,66.5,7.180920908653215e-07,7.145047088277809e-06,72.5,8.993885646403588e-06,-3.314702741467244,-3.646703763109497,-3.308962929069139,-3.3434530485565643
HMSMQQVVSAGWERADLVGDALDG,2,F22L;V24G,156.0,25.0,11.0,156.5,25.5,1.0702991640040268e-05,2.739830086482468e-06,11.5,1.4266163439122932e-06,1.965855776216308,2.9073447950022824,1.9715955886144128,3.210595509555215
HMSMQQVVSAGWERADLVGDASDL,2,F22S;V24L,14.0,52.0,31.0,14.5,52.5,9.91650982623539e-07,5.640826648640375e-06,31.5,3.907688246368455e-06,-2.508002251283365,-1.9784110242456672,-2.502262438885261,-1.6751603096927346
HMSMQQVVSAGWERADLVGDATDI,2,F22T;V24I,7.0,14.0,7.0,7.5,14.5,5.129229220466582e-07,1.557942598195913e-06,7.5,9.304019634210608e-07,-1.6028281282638686,-0.8591120958733229,-1.5970883158657638,-0.5558613813203902
HMSMQQVVSAGWERDDLVGDAMDV,2,A15D;F22M,35.0,6.0,,35.5,6.5,2.427835164354182e-06,6.98388061260237e-07,,,1.797569672618775,,1.80330948501688,
HMSMQQVVSAGWERDDLVGDAVDV,2,A15D;F22V,168.0,5.0,51.0,168.5,5.5,1.1523668315314922e-05,5.909437441432774e-07,51.5,6.388760148824617e-06,4.285435433799747,0.8509921581253175,4.291175246197851,1.15424287267825
HMSMQQVVSAGWERGDLVGDAFDR,2,A15G;V24R,241.0,9.0,18.0,241.5,9.5,1.6516118089902395e-05,1.0207210126111157e-06,18.5,2.29499150977195e-06,4.016214136647372,2.8473139173335005,4.021953949045477,3.150564631886433
HMSMQQVVSAGWERGDLVGDARDV,2,A15G;F22R,7.0,33.0,16.0,7.5,33.5,5.129229220466582e-07,3.599384623418144e-06,16.5,2.046884319526334e-06,-2.8109363235940688,-1.9966156196232576,-2.805196511195964,-1.6933649050703252
HMSMQQVVSAGWERGDLVGDATDV,2,A15G;F22T,88.0,7.0,6.0,88.5,7.5,6.052490480150567e-06,8.058323783771965e-07,6.5,8.063483682982526e-07,2.908977225729664,2.9080537360685828,2.914717038127769,3.211304450621516
HMSMQQVVSAGWERIDLVGDATDV,2,A15I;F22T,229.0,11.0,94.0,229.5,11.5,1.569544141462774e-05,1.2356096468450347e-06,94.5,1.1723064739105366e-05,3.66705065861198,0.4209958233194124,3.672790471010085,0.7242465378723452
HMSMQQVVSAGWERLDLVGDAGDV,2,A15L;F22G,60.0,11.0,52.0,60.5,11.5,4.137578237843043e-06,1.2356096468450347e-06,52.5,6.512813743947425e-06,1.7435635524727668,-0.654494376264851,1.7493033648708716,-0.3512436617119182
HMSMQQVVSAGWERPDLVGDAGDV,2,A15P;F22G,24.0,10.0,50.0,24.5,10.5,1.6755482120190835e-06,1.1281653297280752e-06,50.5,6.264706553701809e-06,0.5706546925916332,-1.9026137345099092,0.576394504989738,-1.5993630199569768
HMSMQQVVSAGWERQDLVGDAGDV,2,A15Q;F22G,67.0,20.0,11.0,67.5,20.5,4.616306298419924e-06,2.2026085008976705e-06,11.5,1.4266163439122932e-06,1.0675258636879326,1.6941415451204953,1.0732656760860373,1.997392259673428
HMSMQQVVSAGWERRDLVGDAFDP,2,A15R;V24P,32.0,55.0,36.0,32.5,55.5,2.2226659955355187e-06,5.963159599991254e-06,36.5,4.527956221982496e-06,-1.4237857820664663,-1.0265688417248855,-1.4180459696683616,-0.723318127171953
HMSMQQVVSAGWERRDLVGDAGDV,2,A15R;F22G,97.0,99.0,130.0,97.5,99.5,6.6679979866065565e-06,1.0690709553137474e-05,130.5,1.6188994163526457e-05,-0.6810320355388529,-1.2796877786935967,-0.6752922231407481,-0.976437064140664
HMSMQQVVSAGWERRDLVGDATDV,2,A15R;F22T,140.0,22.0,73.0,140.5,22.5,9.608756073007398e-06,2.4174971351315896e-06,73.5,9.117939241526394e-06,1.9908354951464369,0.0756418795112389,1.9965753075445412,0.3788925940641717
HMSMQQVVSAGWERTDLVGDAFDG,2,A15T;V24G,111.0,11.0,21.0,111.5,11.5,7.6254541077603185e-06,1.2356096468450347e-06,21.5,2.667152295140374e-06,2.625600215118477,1.515523049344884,2.631340027516582,1.8187737638978168
HMSMQQVVSAGWERTDLVGDAFDP,2,A15T;V24P,5.0,24.0,10.0,5.5,24.5,3.761434761675494e-07,2.6323857693655086e-06,10.5,1.3025627487894851e-06,-2.807015954222726,-1.791997900014786,-2.801276141824621,-1.488747185461853
HMSMQQVVSAGWERTDLVGDAGDV,2,A15T;F22G,52.0,7.0,27.0,52.5,7.5,3.5904604543266075e-06,8.058323783771965e-07,27.5,3.4114738658772227e-06,2.155617193312789,0.0737737082681402,2.161357005710894,0.3770244228210729
HMSMQQVVSAGWERTDLVGDARDV,2,A15T;F22R,55.0,18.0,15.0,55.5,18.5,3.7956296231452714e-06,1.9877198666637514e-06,15.5,1.9228307244035253e-06,0.9332247719763412,0.981107460089908,0.938964584374446,1.2843581746428407
HMSMQQVVSAGWERVDLVGDAGDV,2,A15V;F22G,144.0,10.0,99.0,144.5,10.5,9.882314964765614e-06,1.1281653297280752e-06,99.5,1.2343332714719406e-05,3.130870530977104,-0.320811033916293,3.136610343375209,-0.0175603193633603
HMSMQQVVSSGWVRADLVGDAFDV,2,A10S;E13V,10.0,61.0,95.0,10.5,61.5,7.180920908653215e-07,6.607825502693011e-06,95.5,1.1847118334228174e-05,-3.201934811305294,-4.044223501130311,-3.196194998907189,-3.7409727865773785
HNSMQQVVSAGWERADLVGDASDV,2,M2N;F22S,12.0,76.0,19.0,12.5,76.5,8.548715367444303e-07,8.219490259447404e-06,19.5,2.419045104894758e-06,-3.265269381662742,-1.5006581249608466,-3.259529569264637,-1.197407410407914
HPSMQQVPSAGWERADLVGDAFDV,2,M2P;V8P,29.0,30.0,,29.5,30.5,2.017496826716856e-06,3.277051672067266e-06,,,-0.6998320169458598,,-0.694092204547755,
HPSMQQVVSAGWERADLVGDAADV,2,M2P;F22A,29.0,80.0,9.0,29.5,80.5,2.017496826716856e-06,8.649267527915243e-06,9.5,1.1785091536666768e-06,-2.1000115574975906,0.7756034400449331,-2.0942717450994857,1.0788541545978658
HPSMQQVVSAGWERADLVGDAGDV,2,M2P;F22G,29.0,216.0,25.0,29.5,216.5,2.017496826716856e-06,2.326169465582174e-05,25.5,3.163366675631606e-06,-3.5273178941096983,-0.6488943884829772,-3.5215780817115934,-0.3456436739300444
HPSMQQVVSAGWERADLVGDASDV,2,M2P;F22S,25.0,120.0,30.0,25.5,120.5,1.743937934958638e-06,1.2947040212593624e-05,30.5,3.783634651245647e-06,-2.892201723003281,-1.117424091464713,-2.886461910605176,-0.8141733769117806
HPSMQQVVSAGWERNDLVGDAFDV,2,M2P;A15N,5.0,81.0,,5.5,81.5,3.761434761675494e-07,8.756711845032202e-06,,,-4.541034264338595,,-4.535294451940491,
HPSMQQVVSAGWERTDLVGDAFDV,2,M2P;A15T,42.0,281.0,12.0,42.5,281.5,2.906563224931063e-06,3.024557526842411e-05,12.5,1.5506699390351012e-06,-3.379337904687343,0.9064226504896542,-3.373598092289238,1.2096733650425868
HSSMQQVVSAGWERADLVGDAGDV,2,M2S;F22G,5.0,60.0,48.0,5.5,60.5,3.761434761675494e-07,6.500381185576051e-06,48.5,6.016599363456193e-06,-4.111169347382112,-3.999593319423153,-4.105429534984007,-3.6963426048702206
HTSMQQVVSAGWERADLVGDAGDV,2,M2T;F22G,7.0,213.0,28.0,7.5,213.5,5.129229220466582e-07,2.293936170447086e-05,28.5,3.5355274610000308e-06,-5.482939392756786,-2.785111514429546,-5.477199580358682,-2.4818607998766136
HTSMQQVVSAGWERADLVGDASDV,2,M2T;F22S,17.0,41.0,69.0,17.5,41.5,1.1968201514422023e-06,4.4589391603538204e-06,69.5,8.621724861035162e-06,-1.897494143146773,-2.848770151651864,-1.891754330748668,-2.545519437098932
